{"cameraMode":{"drawMode":0,"name":"Shaded","section":"Shading Mode"},"sceneLighting":true,"audioPlay":false,"sceneViewState":{"showFog":true,"showMaterialUpdate":false,"showSkybox":true,"showFlares":true,"showImageEffects":true,"showParticleSystems":true},"in2DMode":false,"pivot":{"x":-145.2998504638672,"y":57.255401611328128,"z":153.740234375},"rotation":{"x":-0.06769216060638428,"y":0.04398142918944359,"z":-0.0029866956174373628,"w":-0.9967359900474548},"size":2286.646484375,"orthographic":false}