{"cameraMode":{"drawMode":0,"name":"Shaded","section":"Shading Mode"},"sceneLighting":true,"audioPlay":false,"sceneViewState":{"showFog":true,"showMaterialUpdate":false,"showSkybox":true,"showFlares":true,"showImageEffects":true,"showParticleSystems":true},"in2DMode":false,"pivot":{"x":2.7255592346191408,"y":-3.0687255859375,"z":31.080734252929689},"rotation":{"x":-0.24208658933639527,"y":0.047129515558481219,"z":-0.011773803271353245,"w":-0.969042181968689},"size":311.373779296875,"orthographic":false}